<?xml version='1.0' encoding='UTF-8'?><feed xmlns='http://www.w3.org/2005/Atom' xmlns:openSearch='http://a9.com/-/spec/opensearchrss/1.0/' xmlns:gm='http://base.google.com/ns-metadata/1.0' xmlns:g='http://base.google.com/ns/1.0' xmlns:batch='http://schemas.google.com/gdata/batch'><id>http://www.google.com/base/feeds/snippets</id><updated>2008-07-12T16:55:33.819Z</updated><title type='text'>Items matching query: digital camera</title><link rel='alternate' type='text/html' href='http://base.google.com'/><link rel='http://schemas.google.com/g/2005#feed' type='application/atom+xml' href='http://www.google.com/base/feeds/snippets'/><link rel='http://schemas.google.com/g/2005#batch' type='application/atom+xml' href='http://www.google.com/base/feeds/snippets/batch'/><link rel='self' type='application/atom+xml' href='http://www.google.com/base/feeds/snippets?start-index=1&amp;max-results=25&amp;bq=digital+camera'/><link rel='next' type='application/atom+xml' href='http://www.google.com/base/feeds/snippets?start-index=26&amp;max-results=25&amp;bq=digital+camera'/><author><name>Google Inc.</name><email>base@google.com</email></author><generator version='1.0' uri='http://base.google.com'>GoogleBase</generator><openSearch:totalResults>3709254</openSearch:totalResults><openSearch:startIndex>1</openSearch:startIndex><openSearch:itemsPerPage>25</openSearch:itemsPerPage><entry><id>http://www.google.com/base/feeds/snippets/18358411696096231804</id><published>2008-07-10T23:00:03.000Z</published><updated>2008-07-11T23:00:03.000Z</updated><category scheme='http://base.google.com/categories/itemtypes' term='Products'/><title type='text'>4 in 1 Digital Camera Binoculars</title><content type='html'>Brand New 4 in 1 Digital Camera Binoculars Binoculars + Digital Camera + Digital Video + Webcam DIGITAL CAMERAResolution HI: 1280x1024 Pixels; LO:640x480 Pictures SD Card 64MB - HI:200 Pictures;LO:800 Pictures Video 600 seconds (320x640 pixels)  ...</content><link rel='alternate' type='text/html' href='http://rover.ebay.com/rover/1/711-43310-8196-0/2?loc=http%3A%2F%2Fcgi.ebay.com%2F4-in-1-Digital-Camera-Binoculars_W0QQitemZ160259457301QQcmdZViewItem'/><link rel='self' type='application/atom+xml' href='http://www.google.com/base/feeds/snippets/18358411696096231804'/><author><name>eBay</name></author><g:plusbox_extra_query type='text'>ebayid=080711</g:plusbox_extra_query><g:plusbox_extra_query type='text'>kw={keyword:}</g:plusbox_extra_query><g:condition type='text'>New</g:condition><g:item_site_text type='text'>US</g:item_site_text><g:ebay_label type='text'>Digital Camera Binoculars</g:ebay_label><g:product_type type='text'>Digital Camera Binoculars</g:product_type><g:image_link type='url'>http://thumbs.ebaystatic.com/pict/160259457301_1.jpg</g:image_link><g:item_language type='text'>EN</g:item_language><g:id type='text'>160259457301</g:id><g:author type='text'>eBay</g:author><g:price type='floatUnit'>23.99 usd</g:price><g:target_country type='text'>US</g:target_country><g:expiration_date type='dateTime'>2008-07-15T07:00:00Z</g:expiration_date><g:bin_price type='text'>23.99</g:bin_price><g:customer_id type='int'>11729</g:customer_id><g:item_type type='text'>Products</g:item_type></entry><entry><id>http://www.google.com/base/feeds/snippets/8930027602393829974</id><published>2008-07-11T17:00:00.000Z</published><updated>2008-07-11T17:00:00.000Z</updated><category scheme='http://base.google.com/categories/itemtypes' term='Products'/><title type='text'>NEW Barska Point N View 4.0MP Binocular Digital Camera</title><content type='html'>Store Search in titles &amp; descriptions Store Categories OpticsPlanet Pages Home Page Our Policies OpticsPlanet Super Sale Items with Free S&amp;H Perfect Gifts Item of the Month Demo And Open Box About the Seller New Barska Point N' View 8x32mm 4.0MP  ...</content><link rel='alternate' type='text/html' href='http://rover.ebay.com/rover/1/711-43310-8196-0/2?loc=http%3A%2F%2Fcgi.ebay.com%2FNEW-Barska-Point-N-View-4-0MP-Binocular-Digital-Camera_W0QQitemZ310058018652QQcmdZViewItem'/><link rel='self' type='application/atom+xml' href='http://www.google.com/base/feeds/snippets/8930027602393829974'/><author><name>eBay</name></author><g:plusbox_extra_query type='text'>kw={keyword:}</g:plusbox_extra_query><g:plusbox_extra_query type='text'>ebayid=080711</g:plusbox_extra_query><g:condition type='text'>New</g:condition><g:megapixel type='int'>4</g:megapixel><g:item_site_text type='text'>US</g:item_site_text><g:ebay_label type='text'>Digital Camera Binoculars</g:ebay_label><g:product_type type='text'>Digital Camera Binoculars</g:product_type><g:image_link type='url'>http://thumbs.ebaystatic.com/pict/310058018652_2.jpg</g:image_link><g:item_language type='text'>EN</g:item_language><g:id type='text'>310058018652</g:id><g:author type='text'>eBay</g:author><g:price type='floatUnit'>204.99 usd</g:price><g:target_country type='text'>US</g:target_country><g:expiration_date type='dateTime'>2008-08-09T07:00:00Z</g:expiration_date><g:bin_price type='text'>204.99</g:bin_price><g:customer_id type='int'>11729</g:customer_id><g:item_type type='text'>Products</g:item_type></entry><entry><id>http://www.google.com/base/feeds/snippets/2586324748120639312</id><published>2008-07-11T09:00:01.000Z</published><updated>2008-07-11T09:00:01.000Z</updated><category scheme='http://base.google.com/categories/itemtypes' term='Products'/><title type='text'>4 in 1 Binoculars Digital camera video webcam DC DV</title><content type='html'>function passpara(){return '&amp;id=792401&amp;itembgcolor=0xFFFFFF&amp;bordercolor=0x000006&amp;storewindowbgcolor=0xB8D6B6&amp;toptextcolor=0xFFFFFF&amp;bottomtextcolor=0xFFFFFF&amp;stripcolor=0x516BC6&amp;auctionclosemessagecolor=0xFF0000&amp;emptyboxmessagecolor=0xFFFFFF&amp; ...</content><link rel='alternate' type='text/html' href='http://rover.ebay.com/rover/1/711-43310-8196-0/2?loc=http%3A%2F%2Fcgi.ebay.com%2F4-in-1-Binoculars-Digital-camera-video-webcam-DC-DV_W0QQitemZ330235620497QQcmdZViewItem'/><link rel='self' type='application/atom+xml' href='http://www.google.com/base/feeds/snippets/2586324748120639312'/><author><name>eBay</name></author><g:plusbox_extra_query type='text'>kw={keyword:}</g:plusbox_extra_query><g:plusbox_extra_query type='text'>ebayid=080711</g:plusbox_extra_query><g:condition type='text'>New</g:condition><g:item_site_text type='text'>US</g:item_site_text><g:ebay_label type='text'>Digital Camera Binoculars</g:ebay_label><g:product_type type='text'>Digital Camera Binoculars</g:product_type><g:image_link type='url'>http://thumbs.ebaystatic.com/pict/330235620497_3.jpg</g:image_link><g:item_language type='text'>EN</g:item_language><g:id type='text'>330235620497</g:id><g:author type='text'>eBay</g:author><g:price type='floatUnit'>15.5 usd</g:price><g:target_country type='text'>US</g:target_country><g:expiration_date type='dateTime'>2008-08-09T07:00:00Z</g:expiration_date><g:bin_price type='text'>15.50</g:bin_price><g:customer_id type='int'>11729</g:customer_id><g:item_type type='text'>Products</g:item_type></entry><entry><id>http://www.google.com/base/feeds/snippets/15228941780096639422</id><published>2008-07-11T15:00:03.000Z</published><updated>2008-07-11T15:00:03.000Z</updated><category scheme='http://base.google.com/categories/itemtypes' term='Products'/><title type='text'>BUSHNELL 111025: Digital Camera/10x25 Digtal Binocular</title><content type='html'>SquareTrade Â© AP6.0BRAND NEW (factory packed in original retail box) Binoculars/Digital Camera Combo Taking in the details. Getting a closer look. Exploring nature beyond what is readily available to the naked eye. All excellent reasons for owning  ...</content><link rel='alternate' type='text/html' href='http://rover.ebay.com/rover/1/711-43310-8196-0/2?loc=http%3A%2F%2Fcgi.ebay.com%2FBUSHNELL-111025-Digital-Camera-10x25-Digtal-Binocular_W0QQitemZ200237921549QQcmdZViewItem'/><link rel='self' type='application/atom+xml' href='http://www.google.com/base/feeds/snippets/15228941780096639422'/><author><name>eBay</name></author><g:plusbox_extra_query type='text'>ebayid=080711</g:plusbox_extra_query><g:plusbox_extra_query type='text'>kw={keyword:}</g:plusbox_extra_query><g:condition type='text'>New</g:condition><g:item_site_text type='text'>US</g:item_site_text><g:ebay_label type='text'>Digital Camera Binoculars</g:ebay_label><g:product_type type='text'>Digital Camera Binoculars</g:product_type><g:image_link type='url'>http://thumbs.ebaystatic.com/pict/200237921549_1.jpg</g:image_link><g:item_language type='text'>EN</g:item_language><g:id type='text'>200237921549</g:id><g:author type='text'>eBay</g:author><g:price type='floatUnit'>79.0 usd</g:price><g:target_country type='text'>US</g:target_country><g:expiration_date type='dateTime'>2008-07-19T07:00:00Z</g:expiration_date><g:brand type='text'>Bushnell</g:brand><g:bin_price type='text'>79.00</g:bin_price><g:customer_id type='int'>11729</g:customer_id><g:item_type type='text'>Products</g:item_type></entry><entry><id>http://www.google.com/base/feeds/snippets/8880667016357918376</id><published>2008-07-08T21:00:01.000Z</published><updated>2008-07-12T03:00:00.000Z</updated><category scheme='http://base.google.com/categories/itemtypes' term='Products'/><title type='text'>Barska Binocular/Digital Camera!!</title><content type='html'>BARSKA’S state-of-the-art integration of a high quality roof prism binocular and digital camera is awesome for a nature outing, sporting event, or vacation. Instead of having to bring a separate binocular and digital camera, Point ‘n View gives you  ...</content><link rel='alternate' type='text/html' href='http://rover.ebay.com/rover/1/711-43310-8196-0/2?loc=http%3A%2F%2Fcgi.ebay.com%2FBarska-Binocular-Digital-Camera_W0QQitemZ290243935121QQcmdZViewItem'/><link rel='self' type='application/atom+xml' href='http://www.google.com/base/feeds/snippets/8880667016357918376'/><author><name>eBay</name></author><g:plusbox_extra_query type='text'>ebayid=080711</g:plusbox_extra_query><g:plusbox_extra_query type='text'>kw={keyword:}</g:plusbox_extra_query><g:condition type='text'>Used</g:condition><g:item_site_text type='text'>US</g:item_site_text><g:ebay_label type='text'>Digital Camera Binoculars</g:ebay_label><g:product_type type='text'>Digital Camera Binoculars</g:product_type><g:image_link type='url'>http://thumbs.ebaystatic.com/pict/290243935121_1.jpg</g:image_link><g:item_language type='text'>EN</g:item_language><g:id type='text'>290243935121</g:id><g:author type='text'>eBay</g:author><g:price type='floatUnit'>40.0 usd</g:price><g:target_country type='text'>US</g:target_country><g:expiration_date type='dateTime'>2008-07-13T07:00:00Z</g:expiration_date><g:bin_price type='text'>40.00</g:bin_price><g:customer_id type='int'>11729</g:customer_id><g:item_type type='text'>Products</g:item_type></entry><entry><id>http://www.google.com/base/feeds/snippets/3665849142022244223</id><published>2008-07-11T19:00:02.000Z</published><updated>2008-07-11T19:00:02.000Z</updated><category scheme='http://base.google.com/categories/itemtypes' term='Products'/><title type='text'>BinoCatch 4x28 Digital USB Binoculars w/Digital Camera</title><content type='html'>Flyleaf Electronics is PayPal Verified BinoCatch 4x28 Digital USB Binoculars w/Digital Camera Brand New Only $16.95 !! Click On The Pictures Below For A Closer View! Don't be caught without one of these BinoCatch 4x28 Digital USB Binoculars w/Cam  ...</content><link rel='alternate' type='text/html' href='http://rover.ebay.com/rover/1/711-43310-8196-0/2?loc=http%3A%2F%2Fcgi.ebay.com%2FBinoCatch-4x28-Digital-USB-Binoculars-w-Digital-Camera_W0QQitemZ320271869043QQcmdZViewItem'/><link rel='self' type='application/atom+xml' href='http://www.google.com/base/feeds/snippets/3665849142022244223'/><author><name>eBay</name></author><g:plusbox_extra_query type='text'>kw={keyword:}</g:plusbox_extra_query><g:plusbox_extra_query type='text'>ebayid=080711</g:plusbox_extra_query><g:condition type='text'>New</g:condition><g:item_site_text type='text'>US</g:item_site_text><g:ebay_label type='text'>Digital Camera Binoculars</g:ebay_label><g:product_type type='text'>Digital Camera Binoculars</g:product_type><g:image_link type='url'>http://thumbs.ebaystatic.com/pict/320271869043_1.jpg</g:image_link><g:item_language type='text'>EN</g:item_language><g:id type='text'>320271869043</g:id><g:author type='text'>eBay</g:author><g:price type='floatUnit'>16.95 usd</g:price><g:target_country type='text'>US</g:target_country><g:expiration_date type='dateTime'>2008-07-14T07:00:00Z</g:expiration_date><g:bin_price type='text'>16.95</g:bin_price><g:customer_id type='int'>11729</g:customer_id><g:item_type type='text'>Products</g:item_type></entry><entry><id>http://www.google.com/base/feeds/snippets/11552382124307508790</id><published>2008-07-11T19:00:02.000Z</published><updated>2008-07-11T19:00:02.000Z</updated><category scheme='http://base.google.com/categories/itemtypes' term='Products'/><title type='text'>New Bushnell Binocular Digital Camera Built-In 10 x 25</title><content type='html'>up for grabs is for one brand new --- The Bushnell ImageView 10x25 binoculars has a built in DIGITAL CAMERA in it. So instead lugging around a big pair of binoculars to anything from a sporting event to a birdwatching afternoon, take the Bushnell  ...</content><link rel='alternate' type='text/html' href='http://rover.ebay.com/rover/1/711-43310-8196-0/2?loc=http%3A%2F%2Fcgi.ebay.com%2FNew-Bushnell-Binocular-Digital-Camera-Built-In-10-x-25_W0QQitemZ250268973906QQcmdZViewItem'/><link rel='self' type='application/atom+xml' href='http://www.google.com/base/feeds/snippets/11552382124307508790'/><author><name>eBay</name></author><g:plusbox_extra_query type='text'>ebayid=080711</g:plusbox_extra_query><g:plusbox_extra_query type='text'>kw={keyword:}</g:plusbox_extra_query><g:condition type='text'>New</g:condition><g:item_site_text type='text'>US</g:item_site_text><g:ebay_label type='text'>Digital Camera Binoculars</g:ebay_label><g:product_type type='text'>Digital Camera Binoculars</g:product_type><g:image_link type='url'>http://thumbs.ebaystatic.com/pict/250268973906_1.jpg</g:image_link><g:item_language type='text'>EN</g:item_language><g:id type='text'>250268973906</g:id><g:author type='text'>eBay</g:author><g:price type='floatUnit'>29.99 usd</g:price><g:target_country type='text'>US</g:target_country><g:expiration_date type='dateTime'>2008-07-16T07:00:00Z</g:expiration_date><g:brand type='text'>Bushnell</g:brand><g:bin_price type='text'>29.99</g:bin_price><g:customer_id type='int'>11729</g:customer_id><g:item_type type='text'>Products</g:item_type></entry><entry><id>http://www.google.com/base/feeds/snippets/13901638191708626178</id><published>2008-07-04T19:00:02.000Z</published><updated>2008-07-11T19:00:02.000Z</updated><category scheme='http://base.google.com/categories/itemtypes' term='Products'/><title type='text'>*NEW* 8 x 22 Binocular Integrated With A Digital Camera</title><content type='html'>function passpara(){return '&amp;id=128584&amp;itembgcolor=0xFFFFFF&amp;bordercolor=0x000000&amp;storewindowbgcolor=0xb8d6b6&amp;toptextcolor=0xFFFFFF&amp;bottomtextcolor=0xFFFFFF&amp;stripcolor=0x516bc6&amp;auctionclosemessagecolor=0xff0000&amp;emptyboxmessagecolor=0xFFFFFF&amp; ...</content><link rel='alternate' type='text/html' href='http://rover.ebay.com/rover/1/711-43310-8196-0/2?loc=http%3A%2F%2Fcgi.ebay.com%2FNEW-8-x-22-Binocular-Integrated-With-A-Digital-Camera_W0QQitemZ200194501865QQcmdZViewItem'/><link rel='self' type='application/atom+xml' href='http://www.google.com/base/feeds/snippets/13901638191708626178'/><author><name>eBay</name></author><g:plusbox_extra_query type='text'>kw={keyword:}</g:plusbox_extra_query><g:plusbox_extra_query type='text'>ebayid=080711</g:plusbox_extra_query><g:condition type='text'>New</g:condition><g:item_site_text type='text'>US</g:item_site_text><g:ebay_label type='text'>Digital Camera Binoculars</g:ebay_label><g:product_type type='text'>Digital Camera Binoculars</g:product_type><g:image_link type='url'>http://thumbs.ebaystatic.com/pict/200194501865_7.jpg</g:image_link><g:item_language type='text'>EN</g:item_language><g:id type='text'>200194501865</g:id><g:author type='text'>eBay</g:author><g:price type='floatUnit'>35.99 usd</g:price><g:target_country type='text'>US</g:target_country><g:expiration_date type='dateTime'>2008-07-20T07:00:00Z</g:expiration_date><g:bin_price type='text'>35.99</g:bin_price><g:customer_id type='int'>11729</g:customer_id><g:item_type type='text'>Products</g:item_type></entry><entry><id>http://www.google.com/base/feeds/snippets/16805305145724836214</id><published>2008-07-11T17:00:00.000Z</published><updated>2008-07-11T17:00:00.000Z</updated><category scheme='http://base.google.com/categories/itemtypes' term='Products'/><title type='text'>NEW NABC Finepix-M603 Digital Camera Battery UL-NP120</title><content type='html'>in titles &amp; descriptions Company Info | Checkout Info | Shipping Info | Return Policy | FAQ's By continuing with your purchase using the eBay Buy It Now button, you agree to the Buy Terms of Use at http://stores.ebay.com/Buys-Internet-Superstore/ ...</content><link rel='alternate' type='text/html' href='http://rover.ebay.com/rover/1/711-43310-8196-0/2?loc=http%3A%2F%2Fcgi.ebay.com%2FNEW-NABC-Finepix-M603-Digital-Camera-Battery-UL-NP120_W0QQitemZ170238250503QQcmdZViewItem'/><link rel='self' type='application/atom+xml' href='http://www.google.com/base/feeds/snippets/16805305145724836214'/><author><name>eBay</name></author><g:plusbox_extra_query type='text'>kw={keyword:}</g:plusbox_extra_query><g:plusbox_extra_query type='text'>ebayid=080711</g:plusbox_extra_query><g:condition type='text'>New</g:condition><g:item_site_text type='text'>US</g:item_site_text><g:ebay_label type='text'>Other Brands</g:ebay_label><g:product_type type='text'>Other Brands</g:product_type><g:image_link type='url'>http://thumbs.ebaystatic.com/pict/170238250503_1.jpg</g:image_link><g:item_language type='text'>EN</g:item_language><g:id type='text'>170238250503</g:id><g:author type='text'>eBay</g:author><g:price type='floatUnit'>11.99 usd</g:price><g:target_country type='text'>US</g:target_country><g:expiration_date type='dateTime'>2008-07-13T07:00:00Z</g:expiration_date><g:brand type='text'>Digital Camera Battery</g:brand><g:bin_price type='text'>11.99</g:bin_price><g:customer_id type='int'>11729</g:customer_id><g:item_type type='text'>Products</g:item_type></entry><entry><id>http://www.google.com/base/feeds/snippets/12224361140270026534</id><published>2008-07-04T11:00:03.000Z</published><updated>2008-07-10T13:00:01.000Z</updated><category scheme='http://base.google.com/categories/itemtypes' term='Products'/><title type='text'>BUSHNELL IMAGEVIEW 10X25 BINOCULAR WITH DIGITAL CAMERA</title><content type='html'>BUSHNELL IMAGEVIEW 10X25 BINOCULAR WITH DIGITAL CAMERA WITH 1.25" LCI 10X POWER MAGNIFICATION 25MM OBJECTIVE LEN 8 MB INNTERNAL MEMORY 1.25" LCD SCREEN CENTER FOCUS, ROOF PRISM, BK 7 PRISM FULLY COATED OPTICS TWO AA BATTERY USB CABLE AND SOFT WARE  ...</content><link rel='alternate' type='text/html' href='http://rover.ebay.com/rover/1/711-43310-8196-0/2?loc=http%3A%2F%2Fcgi.ebay.com%2FBUSHNELL-IMAGEVIEW-10X25-BINOCULAR-WITH-DIGITAL-CAMERA_W0QQitemZ170061982504QQcmdZViewItem'/><link rel='self' type='application/atom+xml' href='http://www.google.com/base/feeds/snippets/12224361140270026534'/><author><name>eBay</name></author><g:plusbox_extra_query type='text'>ebayid=080710</g:plusbox_extra_query><g:plusbox_extra_query type='text'>kw={keyword:}</g:plusbox_extra_query><g:condition type='text'>New</g:condition><g:item_site_text type='text'>US</g:item_site_text><g:ebay_label type='text'>Digital Camera Binoculars</g:ebay_label><g:product_type type='text'>Digital Camera Binoculars</g:product_type><g:image_link type='url'>http://thumbs.ebaystatic.com/pict/170061982504_5.jpg</g:image_link><g:item_language type='text'>EN</g:item_language><g:id type='text'>170061982504</g:id><g:author type='text'>eBay</g:author><g:price type='floatUnit'>90.0 usd</g:price><g:target_country type='text'>US</g:target_country><g:expiration_date type='dateTime'>2008-08-08T07:00:00Z</g:expiration_date><g:brand type='text'>Bushnell</g:brand><g:bin_price type='text'>90.00</g:bin_price><g:customer_id type='int'>11729</g:customer_id><g:item_type type='text'>Products</g:item_type></entry><entry><id>http://www.google.com/base/feeds/snippets/8230226639287242007</id><published>2008-07-11T17:00:00.000Z</published><updated>2008-07-11T17:00:00.000Z</updated><category scheme='http://base.google.com/categories/itemtypes' term='Products'/><title type='text'>NEW BTI CoolPix 4500 Digital Camera Battery BTI-NI-EL1</title><content type='html'>in titles &amp; descriptions Company Info | Checkout Info | Shipping Info | Return Policy | FAQ's By continuing with your purchase using the eBay Buy It Now button, you agree to the Buy Terms of Use at http://stores.ebay.com/Buys-Internet-Superstore/ ...</content><link rel='alternate' type='text/html' href='http://rover.ebay.com/rover/1/711-43310-8196-0/2?loc=http%3A%2F%2Fcgi.ebay.com%2FNEW-BTI-CoolPix-4500-Digital-Camera-Battery-BTI-NI-EL1_W0QQitemZ180263537219QQcmdZViewItem'/><link rel='self' type='application/atom+xml' href='http://www.google.com/base/feeds/snippets/8230226639287242007'/><author><name>eBay</name></author><g:plusbox_extra_query type='text'>ebayid=080711</g:plusbox_extra_query><g:plusbox_extra_query type='text'>kw={keyword:}</g:plusbox_extra_query><g:condition type='text'>New</g:condition><g:item_site_text type='text'>US</g:item_site_text><g:ebay_label type='text'>Other Brands</g:ebay_label><g:product_type type='text'>Other Brands</g:product_type><g:image_link type='url'>http://thumbs.ebaystatic.com/pict/180263537219_1.jpg</g:image_link><g:item_language type='text'>EN</g:item_language><g:id type='text'>180263537219</g:id><g:author type='text'>eBay</g:author><g:price type='floatUnit'>25.24 usd</g:price><g:target_country type='text'>US</g:target_country><g:expiration_date type='dateTime'>2008-07-13T07:00:00Z</g:expiration_date><g:brand type='text'>Digital Camera Battery</g:brand><g:bin_price type='text'>25.24</g:bin_price><g:customer_id type='int'>11729</g:customer_id><g:item_type type='text'>Products</g:item_type></entry><entry><id>http://www.google.com/base/feeds/snippets/11397567580339548638</id><published>2008-07-08T11:00:01.000Z</published><updated>2008-07-10T13:00:01.000Z</updated><category scheme='http://base.google.com/categories/itemtypes' term='Products'/><title type='text'>10X25 BUSHNELL BINOCULARS BINOCULAR DIGITAL CAMERA</title><content type='html'>SquareTrade Â© AP6.0 BRAND NEW BUSHNELL 10X25 IMAGEVIEW BINOCULARS WITH A BUILT IN DIGITAL CAMERA STORES UP TO 300 IMAGES. PLEASE CHECK OUR OTHER BINOCULARS LISTINGS AND AUCTIONS. VISIT OUR EBAY STORE. CHECK OUR LENS LISTINGS if (window.sqHasFlash ! ...</content><link rel='alternate' type='text/html' href='http://rover.ebay.com/rover/1/711-43310-8196-0/2?loc=http%3A%2F%2Fcgi.ebay.com%2F10X25-BUSHNELL-BINOCULARS-BINOCULAR-DIGITAL-CAMERA_W0QQitemZ370066802247QQcmdZViewItem'/><link rel='self' type='application/atom+xml' href='http://www.google.com/base/feeds/snippets/11397567580339548638'/><author><name>eBay</name></author><g:plusbox_extra_query type='text'>kw={keyword:}</g:plusbox_extra_query><g:plusbox_extra_query type='text'>ebayid=080710</g:plusbox_extra_query><g:condition type='text'>New</g:condition><g:item_site_text type='text'>US</g:item_site_text><g:ebay_label type='text'>Digital Camera Binoculars</g:ebay_label><g:product_type type='text'>Digital Camera Binoculars</g:product_type><g:image_link type='url'>http://thumbs.ebaystatic.com/pict/370066802247_1.jpg</g:image_link><g:item_language type='text'>EN</g:item_language><g:id type='text'>370066802247</g:id><g:author type='text'>eBay</g:author><g:price type='floatUnit'>39.99 usd</g:price><g:target_country type='text'>US</g:target_country><g:expiration_date type='dateTime'>2008-07-13T07:00:00Z</g:expiration_date><g:bin_price type='text'>39.99</g:bin_price><g:brand type='text'>Bushnell</g:brand><g:customer_id type='int'>11729</g:customer_id><g:item_type type='text'>Products</g:item_type></entry><entry><id>http://www.google.com/base/feeds/snippets/17739758729113347917</id><published>2008-07-11T21:00:01.000Z</published><updated>2008-07-11T21:00:01.000Z</updated><category scheme='http://base.google.com/categories/itemtypes' term='Products'/><title type='text'>Digital Camera Battery for PANASONIC Lumix DMC-FZ18</title><content type='html'>Brand New Replacement Digital Camera Battery For PANASONIC CGA-S006 100% new high quality generic (non-OEM) PANASONIC CGA-S006 Li-ion Battery 100% new high quality generic (non-OEM) PANASONIC CGA-S006 Li-ion battery pack. 100% original manufacturer  ...</content><link rel='alternate' type='text/html' href='http://rover.ebay.com/rover/1/711-43310-8196-0/2?loc=http%3A%2F%2Fcgi.ebay.com%2FDigital-Camera-Battery-for-PANASONIC-Lumix-DMC-FZ18_W0QQitemZ360069441375QQcmdZViewItem'/><link rel='self' type='application/atom+xml' href='http://www.google.com/base/feeds/snippets/17739758729113347917'/><author><name>eBay</name></author><g:plusbox_extra_query type='text'>kw={keyword:}</g:plusbox_extra_query><g:plusbox_extra_query type='text'>ebayid=080711</g:plusbox_extra_query><g:condition type='text'>New</g:condition><g:item_site_text type='text'>US</g:item_site_text><g:ebay_label type='text'>Other Brands</g:ebay_label><g:product_type type='text'>Other Brands</g:product_type><g:image_link type='url'>http://thumbs.ebaystatic.com/pict/360069441375_1.jpg</g:image_link><g:item_language type='text'>EN</g:item_language><g:id type='text'>360069441375</g:id><g:author type='text'>eBay</g:author><g:price type='floatUnit'>9.99 usd</g:price><g:target_country type='text'>US</g:target_country><g:expiration_date type='dateTime'>2008-07-17T07:00:00Z</g:expiration_date><g:bin_price type='text'>9.99</g:bin_price><g:brand type='text'>Digital Camera Battery</g:brand><g:customer_id type='int'>11729</g:customer_id><g:item_type type='text'>Products</g:item_type></entry><entry><id>http://www.google.com/base/feeds/snippets/3389582752893655573</id><published>2008-06-26T06:35:09.000Z</published><updated>2008-07-09T09:09:16.000Z</updated><category scheme='http://base.google.com/categories/itemtypes' term='Products'/><title type='text'>Digital Concepts Girl Gear Digital Camera</title><content type='html'>The 14097 Girl Gear Heart-Shaped Digital Camera from Digital Concepts is a 3-in 1 (Digital Camera, Video Camera, Web Camera) digital camera with XXX, Girl Gear Photo Editing Software, a workshop to make greeting cards and picture frames, and edit  ...</content><link rel='alternate' type='text/html' href='http://www.amazon.com/gp/product/B000KBO2US'/><link rel='self' type='application/atom+xml' href='http://www.google.com/base/feeds/snippets/3389582752893655573'/><author><name>Amazon.com</name></author><g:id type='text'>B000KBO2US</g:id><g:price type='floatUnit'>22.33 usd</g:price><g:target_country type='text'>US</g:target_country><g:condition type='text'>new</g:condition><g:expiration_date type='dateTime'>2008-08-08T09:09:16Z</g:expiration_date><g:brand type='text'>Sakar</g:brand><g:product_type type='text'>Camera &amp; Photo</g:product_type><g:mpn type='text'>14097-Heart</g:mpn><g:image_link type='url'>http://ecx.images-amazon.com/images/I/41Aqtj-PYpL._SL500_AA280_.jpg</g:image_link><g:customer_id type='int'>2860562</g:customer_id><g:item_type type='text'>Products</g:item_type><g:item_language type='text'>EN</g:item_language></entry><entry><id>http://www.google.com/base/feeds/snippets/10206995162223106974</id><published>2008-07-11T19:00:02.000Z</published><updated>2008-07-11T19:00:02.000Z</updated><category scheme='http://base.google.com/categories/itemtypes' term='Products'/><title type='text'>DIGITAL CAMERA BY ARGUS</title><content type='html'>CAN BE USED AS A LIVE WEB CAM TOO! Breakthrough digital technology and precision engineering distinguish this ArgusÂ® digital camera from the competition. The easy to use ArgusÂ® DC1512E point and shoot digital camera was designed especially for the ...</content><link rel='alternate' type='text/html' href='http://rover.ebay.com/rover/1/711-43310-8196-0/2?loc=http%3A%2F%2Fcgi.ebay.com%2FDIGITAL-CAMERA-BY-ARGUS_W0QQitemZ220255901122QQcmdZViewItem'/><link rel='self' type='application/atom+xml' href='http://www.google.com/base/feeds/snippets/10206995162223106974'/><author><name>eBay</name></author><g:plusbox_extra_query type='text'>ebayid=080711</g:plusbox_extra_query><g:plusbox_extra_query type='text'>kw={keyword:}</g:plusbox_extra_query><g:condition type='text'>Refurbished</g:condition><g:item_site_text type='text'>US</g:item_site_text><g:ebay_label type='text'>Other Digital Cameras</g:ebay_label><g:product_type type='text'>Other Digital Cameras</g:product_type><g:image_link type='url'>http://thumbs.ebaystatic.com/pict/220255901122_1.jpg</g:image_link><g:item_language type='text'>EN</g:item_language><g:id type='text'>220255901122</g:id><g:author type='text'>eBay</g:author><g:price type='floatUnit'>30.0 usd</g:price><g:target_country type='text'>US</g:target_country><g:expiration_date type='dateTime'>2008-07-17T07:00:00Z</g:expiration_date><g:brand type='text'>Argus</g:brand><g:bin_price type='text'>30.00</g:bin_price><g:customer_id type='int'>11729</g:customer_id><g:item_type type='text'>Products</g:item_type></entry><entry><id>http://www.google.com/base/feeds/snippets/2874752896447848967</id><published>2008-06-26T06:35:09.000Z</published><updated>2008-07-09T09:09:16.000Z</updated><category scheme='http://base.google.com/categories/itemtypes' term='Products'/><title type='text'>Digital Purple 630 Disney Pix Click Tinkerbell Digital Camera</title><content type='html'>Disney Pix Click Digital Camera- Tinkerbell (v1). The first affordable digital camera for kids of all ages. Photos are easily downloaded into your computer. Get creative with Disney Pix photo editing software! You're picture perfect and now your  ...</content><link rel='alternate' type='text/html' href='http://www.amazon.com/gp/product/B000MQAK9I'/><link rel='self' type='application/atom+xml' href='http://www.google.com/base/feeds/snippets/2874752896447848967'/><author><name>Amazon.com</name></author><g:id type='text'>B000MQAK9I</g:id><g:price type='floatUnit'>46.07 usd</g:price><g:target_country type='text'>US</g:target_country><g:condition type='text'>new</g:condition><g:expiration_date type='dateTime'>2008-08-08T09:09:16Z</g:expiration_date><g:brand type='text'>Digital Blue</g:brand><g:product_type type='text'>Camera &amp; Photo</g:product_type><g:image_link type='url'>http://ecx.images-amazon.com/images/I/51bPepXjzdL._SL500_AA280_.jpg</g:image_link><g:mpn type='text'>630</g:mpn><g:customer_id type='int'>2860562</g:customer_id><g:item_type type='text'>Products</g:item_type><g:item_language type='text'>EN</g:item_language></entry><entry><id>http://www.google.com/base/feeds/snippets/5861157455517677783</id><published>2008-07-02T17:00:02.000Z</published><updated>2008-07-11T17:00:00.000Z</updated><category scheme='http://base.google.com/categories/itemtypes' term='Products'/><title type='text'>Kodak 8121-0637 Digital Camera 5 pin MINI USB CORD 2'</title><content type='html'>Brand New Kodak Photosmart Digital Camera Mini USB Cord 5 pin Black 2.0 A USB to Mini B USB with 2' Cable International Orders Welcome Welcome Combine Shipping with Any of our Auctions Money Back Guarantee HP Part Number 8121-0637 Connects your MP3  ...</content><link rel='alternate' type='text/html' href='http://rover.ebay.com/rover/1/711-43310-8196-0/2?loc=http%3A%2F%2Fcgi.ebay.com%2FKodak-8121-0637-Digital-Camera-5-pin-MINI-USB-CORD-2_W0QQitemZ310048459924QQcmdZViewItem'/><link rel='self' type='application/atom+xml' href='http://www.google.com/base/feeds/snippets/5861157455517677783'/><author><name>eBay</name></author><g:plusbox_extra_query type='text'>ebayid=080711</g:plusbox_extra_query><g:plusbox_extra_query type='text'>kw={keyword:}</g:plusbox_extra_query><g:condition type='text'>New</g:condition><g:item_site_text type='text'>US</g:item_site_text><g:ebay_label type='text'>Camera Cable for HP</g:ebay_label><g:product_type type='text'>Camera Cable for HP</g:product_type><g:image_link type='url'>http://thumbs.ebaystatic.com/pict/310048459924_3.jpg</g:image_link><g:item_language type='text'>EN</g:item_language><g:id type='text'>310048459924</g:id><g:author type='text'>eBay</g:author><g:price type='floatUnit'>1.1 usd</g:price><g:target_country type='text'>US</g:target_country><g:expiration_date type='dateTime'>2008-08-04T07:00:00Z</g:expiration_date><g:bin_price type='text'>1.10</g:bin_price><g:customer_id type='int'>11729</g:customer_id><g:item_type type='text'>Products</g:item_type></entry><entry><id>http://www.google.com/base/feeds/snippets/4404128988289818241</id><published>2008-07-11T17:00:00.000Z</published><updated>2008-07-11T17:00:00.000Z</updated><category scheme='http://base.google.com/categories/itemtypes' term='Products'/><title type='text'>Digital Camera Color LCD Disney Pix-Click Tinkerbell</title><content type='html'>Disney Tinkerbell Pix-Click Digital Camera BRAND NEW FACTORY SEALED "Disney Pix Click Digital Camera- Tinkerbell (v1). The first affordable digital camera for kids of all ages. Photos are easily downloaded into your computer. Get creative with  ...</content><link rel='alternate' type='text/html' href='http://rover.ebay.com/rover/1/711-43310-8196-0/2?loc=http%3A%2F%2Fcgi.ebay.com%2FDigital-Camera-Color-LCD-Disney-Pix-Click-Tinkerbell_W0QQitemZ130237570487QQcmdZViewItem'/><link rel='self' type='application/atom+xml' href='http://www.google.com/base/feeds/snippets/4404128988289818241'/><author><name>eBay</name></author><g:plusbox_extra_query type='text'>ebayid=080711</g:plusbox_extra_query><g:plusbox_extra_query type='text'>kw={keyword:}</g:plusbox_extra_query><g:condition type='text'>New</g:condition><g:item_site_text type='text'>US</g:item_site_text><g:ebay_label type='text'>Other Digital Cameras</g:ebay_label><g:product_type type='text'>Other Digital Cameras</g:product_type><g:image_link type='url'>http://thumbs.ebaystatic.com/pict/130237570487_1.jpg</g:image_link><g:item_language type='text'>EN</g:item_language><g:id type='text'>130237570487</g:id><g:author type='text'>eBay</g:author><g:price type='floatUnit'>19.99 usd</g:price><g:target_country type='text'>US</g:target_country><g:expiration_date type='dateTime'>2008-07-16T07:00:00Z</g:expiration_date><g:bin_price type='text'>19.99</g:bin_price><g:customer_id type='int'>11729</g:customer_id><g:item_type type='text'>Products</g:item_type></entry><entry><id>http://www.google.com/base/feeds/snippets/5682467511692821831</id><published>2008-04-23T17:00:00.000Z</published><updated>2008-07-11T19:00:02.000Z</updated><category scheme='http://base.google.com/categories/itemtypes' term='Products'/><title type='text'>Digital Concepts 87480 Digital Camera - Digital camera</title><content type='html'>Open Box Digital Concepts 87480 Digital Camera - Digital camera - compact - 6.1 Mpix - supported memory: MMC, SD Manufacturer: Sakar International, Inc Sku: 87480 Product Condition: Open Box Share the fun and get closer with your friends with the  ...</content><link rel='alternate' type='text/html' href='http://rover.ebay.com/rover/1/711-43310-8196-0/2?loc=http%3A%2F%2Fcgi.ebay.com%2FDigital-Concepts-87480-Digital-Camera-Digital-camera_W0QQitemZ250232818484QQcmdZViewItem'/><link rel='self' type='application/atom+xml' href='http://www.google.com/base/feeds/snippets/5682467511692821831'/><author><name>eBay</name></author><g:plusbox_extra_query type='text'>ebayid=080711</g:plusbox_extra_query><g:plusbox_extra_query type='text'>kw={keyword:}</g:plusbox_extra_query><g:condition type='text'>Used</g:condition><g:item_site_text type='text'>US</g:item_site_text><g:ebay_label type='text'>Other</g:ebay_label><g:product_type type='text'>Other</g:product_type><g:image_link type='url'>http://thumbs.ebaystatic.com/pict/250232818484_4.jpg</g:image_link><g:item_language type='text'>EN</g:item_language><g:id type='text'>250232818484</g:id><g:author type='text'>eBay</g:author><g:price type='floatUnit'>47.82 usd</g:price><g:target_country type='text'>US</g:target_country><g:expiration_date type='dateTime'>2008-08-01T07:00:00Z</g:expiration_date><g:brand type='text'>Digital Concepts</g:brand><g:bin_price type='text'>47.82</g:bin_price><g:customer_id type='int'>11729</g:customer_id><g:item_type type='text'>Products</g:item_type></entry><entry><id>http://www.google.com/base/feeds/snippets/18232522597724238124</id><published>2008-07-08T13:00:00.000Z</published><updated>2008-07-11T15:00:03.000Z</updated><category scheme='http://base.google.com/categories/itemtypes' term='Products'/><title type='text'>Kodak EasyShare Z712 Digital Camera 7.1MP 12x Optical</title><content type='html'>Perfect digital photos every time! This Kodak EasyShare Z712 is 7.1 megapixel digital camera that delivers excellent resolution for prints up to 30 x 40-inches and features a powerful 12x SCHNEIDER-KREUZNACH VARIOGON Optical Zoom Lens and an optical ...</content><link rel='alternate' type='text/html' href='http://rover.ebay.com/rover/1/711-43310-8196-0/2?loc=http%3A%2F%2Fcgi.ebay.com%2FKodak-EasyShare-Z712-Digital-Camera-7-1MP-12x-Optical_W0QQitemZ220254287817QQcmdZViewItem'/><link rel='self' type='application/atom+xml' href='http://www.google.com/base/feeds/snippets/18232522597724238124'/><author><name>eBay</name></author><g:plusbox_extra_query type='text'>kw={keyword:}</g:plusbox_extra_query><g:plusbox_extra_query type='text'>ebayid=080711</g:plusbox_extra_query><g:condition type='text'>Refurbished</g:condition><g:megapixel type='float'>7.1</g:megapixel><g:item_site_text type='text'>US</g:item_site_text><g:ebay_label type='text'>Other Digital SLR</g:ebay_label><g:product_type type='text'>Other Digital SLR</g:product_type><g:image_link type='url'>http://thumbs.ebaystatic.com/pict/220254287817_1.jpg</g:image_link><g:item_language type='text'>EN</g:item_language><g:id type='text'>220254287817</g:id><g:author type='text'>eBay</g:author><g:price type='floatUnit'>179.0 usd</g:price><g:target_country type='text'>US</g:target_country><g:expiration_date type='dateTime'>2008-07-13T07:00:00Z</g:expiration_date><g:brand type='text'>Kodak</g:brand><g:bin_price type='text'>179.00</g:bin_price><g:customer_id type='int'>11729</g:customer_id><g:item_type type='text'>Products</g:item_type></entry><entry><id>http://www.google.com/base/feeds/snippets/9691614300468057973</id><published>2008-07-12T03:00:00.000Z</published><updated>2008-07-12T03:00:00.000Z</updated><category scheme='http://base.google.com/categories/itemtypes' term='Products'/><title type='text'>USB Cable for Digital Camera Olympus E-20N</title><content type='html'>Home Our Auctions About Us Feedback USB Cable for Digital Camera Olympus E-20N USB 2.0 Type A Male to Mini B 4 Pin Male 6 ft cable 6 ft length Black Color - High Speed USB 2.0 Certified Cable - Foil and Braid Shielding to reduce EMI/RFI Interference ...</content><link rel='alternate' type='text/html' href='http://rover.ebay.com/rover/1/711-43310-8196-0/2?loc=http%3A%2F%2Fcgi.ebay.com%2FUSB-Cable-for-Digital-Camera-Olympus-E-20N_W0QQitemZ360064272531QQcmdZViewItem'/><link rel='self' type='application/atom+xml' href='http://www.google.com/base/feeds/snippets/9691614300468057973'/><author><name>eBay</name></author><g:plusbox_extra_query type='text'>ebayid=080711</g:plusbox_extra_query><g:plusbox_extra_query type='text'>kw={keyword:}</g:plusbox_extra_query><g:condition type='text'>New</g:condition><g:item_site_text type='text'>US</g:item_site_text><g:ebay_label type='text'>Camera Cable for Olympus</g:ebay_label><g:product_type type='text'>Camera Cable for Olympus</g:product_type><g:image_link type='url'>http://thumbs.ebaystatic.com/pict/360064272531_1.jpg</g:image_link><g:item_language type='text'>EN</g:item_language><g:id type='text'>360064272531</g:id><g:author type='text'>eBay</g:author><g:price type='floatUnit'>1.0 usd</g:price><g:target_country type='text'>US</g:target_country><g:expiration_date type='dateTime'>2008-07-23T07:00:00Z</g:expiration_date><g:bin_price type='text'>1.00</g:bin_price><g:customer_id type='int'>11729</g:customer_id><g:item_type type='text'>Products</g:item_type></entry><entry><id>http://www.google.com/base/feeds/snippets/3989084684568122099</id><published>2008-07-09T21:00:00.000Z</published><updated>2008-07-11T21:00:01.000Z</updated><category scheme='http://base.google.com/categories/itemtypes' term='Products'/><title type='text'>brand new cobra digital camera</title><content type='html'>Product Details Product Name: Cobra Digital DC6415 6.0 Mega Pixels 3 in 1 Mode Digital Camera/PC Cam Manufacturer No.: DC6415 Product Category: Brand Name: Product Description: Take eye-catching pictures with ease with this 6.0 Mega Pixels Cobra  ...</content><link rel='alternate' type='text/html' href='http://rover.ebay.com/rover/1/711-43310-8196-0/2?loc=http%3A%2F%2Fcgi.ebay.com%2Fbrand-new-cobra-digital-camera_W0QQitemZ120260483741QQcmdZViewItem'/><link rel='self' type='application/atom+xml' href='http://www.google.com/base/feeds/snippets/3989084684568122099'/><author><name>eBay</name></author><g:plusbox_extra_query type='text'>kw={keyword:}</g:plusbox_extra_query><g:plusbox_extra_query type='text'>ebayid=080711</g:plusbox_extra_query><g:condition type='text'>New</g:condition><g:item_site_text type='text'>US</g:item_site_text><g:ebay_label type='text'>Other Digital Cameras</g:ebay_label><g:product_type type='text'>Other Digital Cameras</g:product_type><g:image_link type='url'>http://thumbs.ebaystatic.com/pict/120260483741_4.jpg</g:image_link><g:item_language type='text'>EN</g:item_language><g:id type='text'>120260483741</g:id><g:author type='text'>eBay</g:author><g:price type='floatUnit'>89.99 usd</g:price><g:target_country type='text'>US</g:target_country><g:expiration_date type='dateTime'>2008-08-07T07:00:00Z</g:expiration_date><g:bin_price type='text'>89.99</g:bin_price><g:customer_id type='int'>11729</g:customer_id><g:item_type type='text'>Products</g:item_type></entry><entry><id>http://www.google.com/base/feeds/snippets/5859718662664306301</id><published>2008-07-08T19:00:00.000Z</published><updated>2008-07-11T21:00:01.000Z</updated><category scheme='http://base.google.com/categories/itemtypes' term='Products'/><title type='text'>brand new cobra digital camera</title><content type='html'>Product Details Product Name: Cobra Digital DC6415 6.0 Mega Pixels 3 in 1 Mode Digital Camera/PC Cam Manufacturer No.: DC6415 Product Category: Brand Name: Product Description: Take eye-catching pictures with ease with this 6.0 Mega Pixels Cobra  ...</content><link rel='alternate' type='text/html' href='http://rover.ebay.com/rover/1/711-43310-8196-0/2?loc=http%3A%2F%2Fcgi.ebay.com%2Fbrand-new-cobra-digital-camera_W0QQitemZ110268645087QQcmdZViewItem'/><link rel='self' type='application/atom+xml' href='http://www.google.com/base/feeds/snippets/5859718662664306301'/><author><name>eBay</name></author><g:plusbox_extra_query type='text'>ebayid=080711</g:plusbox_extra_query><g:plusbox_extra_query type='text'>kw={keyword:}</g:plusbox_extra_query><g:condition type='text'>New</g:condition><g:item_site_text type='text'>US</g:item_site_text><g:ebay_label type='text'>Other Digital Cameras</g:ebay_label><g:product_type type='text'>Other Digital Cameras</g:product_type><g:image_link type='url'>http://thumbs.ebaystatic.com/pict/110268645087_1.jpg</g:image_link><g:item_language type='text'>EN</g:item_language><g:id type='text'>110268645087</g:id><g:author type='text'>eBay</g:author><g:price type='floatUnit'>105.99 usd</g:price><g:target_country type='text'>US</g:target_country><g:expiration_date type='dateTime'>2008-08-06T07:00:00Z</g:expiration_date><g:bin_price type='text'>105.99</g:bin_price><g:brand type='text'>Cobra</g:brand><g:customer_id type='int'>11729</g:customer_id><g:item_type type='text'>Products</g:item_type></entry><entry><id>http://www.google.com/base/feeds/snippets/16284792505792682648</id><published>2008-07-10T23:00:03.000Z</published><updated>2008-07-11T23:00:03.000Z</updated><category scheme='http://base.google.com/categories/itemtypes' term='Products'/><title type='text'>Vivitar Waterproof Digital Camera 5188 5.1 MP - NEW !!</title><content type='html'>Vivitar Waterproof Digital Camera 5188 5.1 Megapixels (5cm)2" LCD Display BRAND NEW - NEVER OPENED - SEALED IN BOX!! Works Great !! This great camera features 5.1 Megapixels for high quality images and comes with a waterproof case allowing you to  ...</content><link rel='alternate' type='text/html' href='http://rover.ebay.com/rover/1/711-43310-8196-0/2?loc=http%3A%2F%2Fcgi.ebay.com%2FVivitar-Waterproof-Digital-Camera-5188-5-1-MP-NEW_W0QQitemZ300240550957QQcmdZViewItem'/><link rel='self' type='application/atom+xml' href='http://www.google.com/base/feeds/snippets/16284792505792682648'/><author><name>eBay</name></author><g:plusbox_extra_query type='text'>kw={keyword:}</g:plusbox_extra_query><g:plusbox_extra_query type='text'>ebayid=080711</g:plusbox_extra_query><g:condition type='text'>New</g:condition><g:item_site_text type='text'>US</g:item_site_text><g:ebay_label type='text'>Other Digital Cameras</g:ebay_label><g:product_type type='text'>Other Digital Cameras</g:product_type><g:image_link type='url'>http://thumbs.ebaystatic.com/pict/300240550957_1.jpg</g:image_link><g:item_language type='text'>EN</g:item_language><g:id type='text'>300240550957</g:id><g:author type='text'>eBay</g:author><g:price type='floatUnit'>83.99 usd</g:price><g:target_country type='text'>US</g:target_country><g:expiration_date type='dateTime'>2008-07-16T07:00:00Z</g:expiration_date><g:bin_price type='text'>83.99</g:bin_price><g:customer_id type='int'>11729</g:customer_id><g:item_type type='text'>Products</g:item_type></entry><entry><id>http://www.google.com/base/feeds/snippets/9651189047499543816</id><published>2008-07-08T17:00:00.000Z</published><updated>2008-07-11T19:00:02.000Z</updated><category scheme='http://base.google.com/categories/itemtypes' term='Products'/><title type='text'>Purple Uni. Digital Camera Bag Protective Carry Case</title><content type='html'>Categories Feedback Other Auctions Brand New Purple Color Universal Digital Camera Bag / Protective Carry Case viewArray = new Array(); viewArray[0] = new Image; viewArray[1] = new Image; viewArray[2] = new Image; viewArray[3] = new Image; viewArray ...</content><link rel='alternate' type='text/html' href='http://rover.ebay.com/rover/1/711-43310-8196-0/2?loc=http%3A%2F%2Fcgi.ebay.com%2FPurple-Uni-Digital-Camera-Bag-Protective-Carry-Case_W0QQitemZ280236466253QQcmdZViewItem'/><link rel='self' type='application/atom+xml' href='http://www.google.com/base/feeds/snippets/9651189047499543816'/><author><name>eBay</name></author><g:plusbox_extra_query type='text'>ebayid=080711</g:plusbox_extra_query><g:plusbox_extra_query type='text'>kw={keyword:}</g:plusbox_extra_query><g:condition type='text'>New</g:condition><g:item_site_text type='text'>US</g:item_site_text><g:ebay_label type='text'>Generic/Universal Camera Cases</g:ebay_label><g:product_type type='text'>Generic/Universal Camera Cases</g:product_type><g:image_link type='url'>http://thumbs.ebaystatic.com/pict/280236466253_1.jpg</g:image_link><g:item_language type='text'>EN</g:item_language><g:id type='text'>280236466253</g:id><g:author type='text'>eBay</g:author><g:price type='floatUnit'>2.0 usd</g:price><g:target_country type='text'>US</g:target_country><g:expiration_date type='dateTime'>2008-07-13T07:00:00Z</g:expiration_date><g:bin_price type='text'>2.00</g:bin_price><g:customer_id type='int'>11729</g:customer_id><g:item_type type='text'>Products</g:item_type></entry></feed>